PropertyID,PropertyEvaluationvalue
PR51101,571643.2
PR51102,400780
PR51103,625500
PR51104,638000
PR51105,655223
PR51106,628423
PR51107,525580
PR51108,324306
PR51109,431780
PR51110,315000
PR51111,407000
PR51112,724500
PR51113,581600
PR51114,716183
PR51115,593072
PR51116,572000
PR51117,612800
PR51118,491000
PR51119,617050
PR51120,505000
PR51121,776400
PR51122,513980
PR51123,554800
PR51124,594977.6
PR51125,454078
PR51126,477314
PR51127,430544.8
PR51128,662300
PR51129,467100.2
PR51130,513000
PR51131,436678
PR51132,475960
PR51133,523080
PR51134,572400
PR51135,417600
PR51136,549600
PR51137,594534
PR51138,485314
PR51139,1201000
PR51140,671447.6
PR51141,663500
PR51142,312000
PR51143,467219.6
PR51144,240380
PR51145,495980
PR51146,260180
PR51147,658000
PR51148,499480
PR51149,459000
PR51150,437780
PR51151,492880
PR51152,416384
PR51153,474000
PR51154,492480
PR51155,476314.2
PR51156,484092
PR51157,528500
PR51158,435878
PR51159,482314.2
PR51160,505000
PR51161,1085558.8
PR51162,1044112.8
PR51163,659900
PR51164,625220
PR51165,1190174
PR51166,658300
PR51167,609842.8
PR51168,511500
PR51169,900057.8
PR51170,658300
PR51171,701600
PR51172,433000
PR51173,467183.4
PR51174,538983.4
PR51175,466000
PR51176,614842.8
PR51177,714000
PR51178,702000
PR51179,439312.8
PR51180,614842.8
PR51181,722000
PR51182,464312.8
PR51183,668300
PR51184,513800
PR51185,554940.2
PR51186,484000
PR51187,525500
PR51188,408260
PR51189,435477.6
PR51190,1257000
PR51191,455999.6
PR51192,522900
PR51193,501900
PR51194,454270
PR51195,586500
PR51196,495200
PR51197,372868
PR51198,525600
PR51199,511500
PR51200,445000
PR51201,507180
PR51202,726000
PR51203,414380
PR51204,401553.2
PR51205,407000
PR51206,737799.8
PR51207,419449
PR51208,519009.4
PR51209,406600
PR51210,575800
PR51211,998062.2
PR51212,443620
PR51213,998062.2
PR51214,492400
PR51215,375200
PR51216,482795
PR51217,485577.6
PR51218,580500
PR51219,443700
PR51220,537260
PR51221,721332.6
PR51222,508700
PR51223,586000
PR51224,368000
PR51225,476777.6
PR51226,506777.6
PR51227,322611.6
PR51228,876000
PR51229,454000
PR51230,497720
PR51231,424777.6
PR51232,739200
PR51233,540800
PR51234,443700
PR51235,355800
PR51236,392200
PR51237,501200
PR51238,733000
PR51239,538900
PR51240,517980
PR51241,670600
PR51242,519510
PR51243,516800
PR51244,322611.6
PR51245,400260
PR51246,393795
PR51247,541600
PR51248,470800
PR51249,484100
PR51250,440270
PR51251,649580
PR51252,500377.6
PR51253,439600
PR51254,474800
PR51255,423660
PR51256,550000
PR51257,484977.6
PR51258,539000
PR51259,644800
PR51260,389795
PR51261,691967.4
PR51262,500377.6
PR51263,367600
PR51264,550000
PR51265,467100
PR51266,423500
PR51267,644664.4
PR51268,413440
PR51269,475093.2
PR51270,571340.2
PR51271,877102.4
PR51272,533880
PR51273,525500
PR51274,454204
PR51275,463195
PR51276,476277.6
PR51277,375649
PR51278,644664.4
PR51279,517600
PR51280,360400
PR51281,826102.4
PR51282,449800
PR51283,397900
PR51284,590800
PR51285,433800
PR51286,740300
PR51287,502599.6
PR51288,396186.2
PR51289,534500
PR51290,518639.4
PR51291,737799.8
PR51292,463520
PR51293,833500
PR51294,423600
PR51295,408447.8
PR51296,499000
PR51297,477000
PR51298,498200
PR51299,392620
PR51300,408260
PR51301,420400
PR51302,669900
PR51303,629700
PR51304,771702.4
PR51305,515877.6
PR51306,285600
PR51307,700500
PR51308,724000
PR51309,621700
PR51310,783600
PR51311,306400
PR51312,518000
PR51313,578600
PR51314,520500
PR51315,587400
PR51316,648600
PR51317,464820
PR51318,465400
PR51319,365000
PR51320,510380
PR51321,586000
PR51322,836800
PR51323,477326.4
PR51324,645452.6
PR51325,545204
PR51326,563200
PR51327,523800
PR51328,231400
PR51329,476800
PR51330,260180
PR51331,483760
PR51332,545000
PR51333,598400
PR51334,478799.8
PR51335,487450.4
PR51336,547999.8
PR51337,694200
PR51338,433080
PR51339,602800
PR51340,688600
PR51341,435539.8
PR51342,668000
PR51343,432714.6
PR51344,498200
PR51345,525600
PR51346,478800
PR51347,476030.6
PR51348,452000.4
PR51349,444090.4
PR51350,512760
PR51351,694200
PR51352,440000
PR51353,513180.8
PR51354,545000
PR51355,523800
PR51356,396380
PR51357,476800
PR51358,563200
PR51359,463380
PR51360,439905.2
PR51361,520500
PR51362,499500
PR51363,440200
PR51364,570000
PR51365,482780
PR51366,613400
PR51367,331868
PR51368,584800
PR51369,482780
PR51370,570220
PR51371,543000
PR51372,397795
PR51373,476200
PR51374,1017150
PR51375,827000
PR51376,771305.2
PR51377,866000
PR51378,843500
PR51379,1043976.2
PR51380,439000
PR51381,774320.6
PR51382,921250
PR51383,469600
PR51384,593320.6
PR51385,593320.6
PR51386,799367.2
PR51387,1043976.2
PR51388,683379
PR51389,1065000
PR51390,899470
PR51391,594200
PR51392,854500
PR51393,801000
PR51394,447100
PR51395,430072.2
PR51396,521000
PR51397,347120
PR51398,601400
PR51399,327980
PR51400,430072.2
PR51401,820709.8
PR51402,1475000
PR51403,690000
PR51404,321031
PR51405,802000
PR51406,1085000
PR51407,744652.2
PR51408,560800
PR51409,610453.8
PR51410,620900
PR51411,616000
PR51412,376800
PR51413,652629
PR51414,405977.6
PR51415,332778
PR51416,354778
PR51417,613202
PR51418,659000
PR51419,713753.2
PR51420,347120
PR51421,487000
PR51422,830000
PR51423,424800
PR51424,429800
PR51425,810556.4
PR51426,1291600
PR51427,666556.6
PR51428,1018000
PR51429,863600
PR51430,833400
PR51431,884977.6
PR51432,860600
PR51433,625360
PR51434,586000
PR51435,718900
PR51436,901600
PR51437,875200
PR51438,583200
PR51439,906000
PR51440,678600
PR51441,858000
PR51442,589200
PR51443,1116000
PR51444,767400
PR51445,781000
PR51446,891399.8
PR51447,703200
PR51448,1048400
PR51449,992200
PR51450,1256824
PR51451,1018000
PR51452,823200
PR51453,727800
PR51454,1062800
PR51455,1092729.2
PR51456,830800
PR51457,504500
PR51458,1067617.2
PR51459,741100
PR51460,712300
PR51461,1302647.2
PR51462,826200
PR51463,708000
PR51464,992107
PR51465,929600
PR51466,699400
PR51467,762400
PR51468,832400
PR51469,655760
PR51470,1112400
PR51471,747650
PR51472,810400
PR51473,994600
PR51474,403500
PR51475,718900
PR51476,791100
PR51477,1163600
PR51478,1017200
PR51479,700899.4
PR51480,691560
PR51481,1054333.2
PR51482,453600
PR51483,691360
PR51484,984333.2
PR51485,681760
PR51486,967000
PR51487,907431.8
PR51488,558500
PR51489,712300
PR51490,1007800
PR51491,835102.4
PR51492,907400
PR51493,726500
PR51494,681499.4
PR51495,549600
PR51496,517000
PR51497,693600
PR51498,914616
PR51499,776400
PR51500,1090752.2
PR51501,971800
PR51502,823100
PR51503,1380000
PR51504,662230.6
PR51505,644877.4
PR51506,774800
PR51507,1277600
PR51508,406000
PR51509,646600
PR51510,884322.8
PR51511,750000
PR51512,762200
PR51513,1183600
PR51514,700000
PR51515,995479.4
PR51516,772377.6
PR51517,833400
PR51518,394551.4
PR51519,531542.8
PR51520,1175600
PR51521,877600
PR51522,767685
PR51523,716000
PR51524,596004
PR51525,619230
PR51526,1133600
PR51527,644877.4
PR51528,1249000
PR51529,526500
PR51530,629000
PR51531,754187.4
PR51532,623177.6
PR51533,838580
PR51534,547950.4
PR51535,626269.6
PR51536,596004
PR51537,719183.6
PR51538,470624
PR51539,958800
PR51540,965177.6
PR51541,984600
PR51542,699931.8
PR51543,879100
PR51544,871800
PR51545,1035000
PR51546,685600
PR51547,1066160
PR51548,1353000
PR51549,1067031.8
PR51550,648200
PR51551,822000
PR51552,1165550.6
PR51553,664200
PR51554,745775.6
PR51555,559500
PR51556,1091558.6
PR51557,896843.4
PR51558,1206586
PR51559,1206586
PR51560,546183.2
PR51561,640928.2
PR51562,648400
PR51563,761600
PR51564,943587.4
PR51565,626269.6
PR51566,701800
PR51567,855702
PR51568,444699.6
PR51569,685800
PR51570,551000
PR51571,845800
PR51572,854800
PR51573,556000
PR51574,547068.8
PR51575,626269.6
PR51576,1359911
PR51577,631877.4
PR51578,963000
PR51579,735200
PR51580,609200
PR51581,582099.8
PR51582,582099.8
PR51583,559466.4
PR51584,628433.4
PR51585,1062000
PR51586,1301000
PR51587,1180000
PR51588,1044900
PR51589,1117000
PR51590,1112800
PR51591,603400
PR51592,760400
PR51593,577800
PR51594,1060600
PR51595,998000
PR51596,628433.4
PR51597,719183.6
PR51598,702800
PR51599,1087000
PR51600,754000
PR51601,918285.6
PR51602,689000
PR51603,929100
PR51604,931000
PR51605,842600
PR51606,1003967.4
PR51607,1338935.2
PR51608,701700
PR51609,1090752.2
PR51610,444699.6
PR51611,1379000
PR51612,562200
PR51613,996396
PR51614,753000
PR51615,1158567.6
PR51616,907460
PR51617,526777.6
PR51618,658600
PR51619,706482
PR51620,718000
PR51621,940600
PR51622,1030580
PR51623,1080400
PR51624,974200
PR51625,750200
PR51626,1095971
PR51627,596200
PR51628,855977.6
PR51629,659200
PR51630,733259.6
PR51631,750200
PR51632,1004800
PR51633,954580
PR51634,1108600
PR51635,847000
PR51636,667800
PR51637,697200
PR51638,733400
PR51639,974200
PR51640,920000
PR51641,659200
PR51642,665400
PR51643,885500
PR51644,869399.8
PR51645,665400
PR51646,1003000
PR51647,869200
PR51648,406600
PR51649,353340
PR51650,498666.6
PR51651,401563.8
PR51652,435099.4
PR51653,432666.6
PR51654,595520
PR51655,402558.6
PR51656,768589.4
PR51657,720811.2
PR51658,326450.6
PR51659,489296
PR51660,492296
PR51661,613500
PR51662,646600
PR51663,420000
PR51664,439968
PR51665,438099.4
PR51666,510794
PR51667,1475000
PR51668,356000
PR51669,540699.2
PR51670,455899.4
PR51671,520794
PR51672,424000
PR51673,541800
PR51674,522700
PR51675,720811.2
PR51676,467000
PR51677,533058.4
PR51678,460500
PR51679,372212.6
PR51680,455396.8
PR51681,496000
PR51682,670100
PR51683,446000
PR51684,496000
PR51685,409432
PR51686,317480.4
PR51687,435920
PR51688,421800
PR51689,532600
PR51690,646600
PR51691,433038
PR51692,572400
PR51693,421800
PR51694,351438.4
PR51695,382551.6
PR51696,506000
PR51697,411000
PR51698,594100
PR51699,396598
PR51700,365173.4
PR51701,416228
PR51702,361300
PR51703,796000
PR51704,491527.4
PR51705,1475000
PR51706,844000
PR51707,597900
PR51708,529304
PR51709,1038000
PR51710,571875
PR51711,1294500
PR51712,1226500
PR51713,698600
PR51714,820800
PR51715,1475000
PR51716,595046
PR51717,399000
PR51718,599800
PR51719,397790
PR51720,273376
PR51721,408000
PR51722,367300
PR51723,405100
PR51724,1270000
PR51725,381990.6
PR51726,341729.2
PR51727,422660
PR51728,188820
PR51729,599000
PR51730,583800
PR51731,304472.4
PR51732,331908
PR51733,864720
PR51734,451999.8
PR51735,548451.6
PR51736,383102
PR51737,601100
PR51738,404073
PR51739,421120
PR51740,526904.2
PR51741,379148
PR51742,393400
PR51743,541969.6
PR51744,362120
PR51745,416225.4
PR51746,424500
PR51747,337326.8
PR51748,340717.6
PR51749,337000
PR51750,439000
PR51751,396419.8
PR51752,559047
PR51753,471000
PR51754,449800
PR51755,446400
PR51756,416972.8
PR51757,477168
PR51758,410920
PR51759,410680
PR51760,422120
PR51761,640500
PR51762,398504
PR51763,465520
PR51764,666800
PR51765,409150
PR51766,369554
PR51767,410680
PR51768,380117.6
PR51769,396150
PR51770,676000
PR51771,465520
PR51772,623700
PR51773,465000
PR51774,545800
PR51775,681139.4
PR51776,537800
PR51777,509600
PR51778,585000
PR51779,509600
PR51780,408000
PR51781,973000
PR51782,766708
PR51783,422400
PR51784,337750
PR51785,475000
PR51786,477740
PR51787,359000
PR51788,669566.8
PR51789,628500
PR51790,502800
PR51791,696800
PR51792,448000
PR51793,496000
PR51794,710504
PR51795,826000
PR51796,596200
PR51797,575666.6
PR51798,668000
PR51799,668000
PR51800,874000
PR51801,836800
PR51802,582800
PR51803,626066.6
PR51804,427400
PR51805,391738.4
PR51806,404600
PR51807,404600
PR51808,296904
PR51809,509176
PR51810,452230.4
PR51811,417240
PR51812,396100
PR51813,497000
PR51814,388500
PR51815,387400
PR51816,407717.6
PR51817,452308.4
PR51818,350661.2
PR51819,480000
PR51820,436780
PR51821,554400
PR51822,436520
PR51823,465200
PR51824,464980
PR51825,392000
PR51826,392000
PR51827,545830
PR51828,411000
PR51829,452400
PR51830,643144
PR51831,422000
PR51832,333871
PR51833,601000
PR51834,641000
PR51835,464200
PR51836,556100
PR51837,394220
PR51838,477900
PR51839,606000
PR51840,538360
PR51841,536000
PR51842,452400
PR51843,508000
PR51844,423600
PR51845,300000
PR51846,472400
PR51847,339500
PR51848,646800
PR51849,374700
PR51850,295600
PR51851,491300
PR51852,435296.2
PR51853,470653
PR51854,374700
PR51855,377800
PR51856,341000
PR51857,513495
PR51858,617553
PR51859,337679.8
PR51860,395820
PR51861,360000
PR51862,293400
PR51863,344800
PR51864,531100
PR51865,324900
PR51866,589381.2
PR51867,354250
PR51868,529250
PR51869,324380
PR51870,460000
PR51871,295600
PR51872,425340
PR51873,623516
PR51874,447400
PR51875,359700
PR51876,558080
PR51877,667612
PR51878,422592
PR51879,356880.8
PR51880,606000
PR51881,421500
PR51882,311050
PR51883,592170
PR51884,393650
PR51885,863400
PR51886,427800
PR51887,475000
PR51888,667612
PR51889,434478.4
PR51890,476000
PR51891,305896
PR51892,474788.4
PR51893,343520
PR51894,385416
PR51895,467000
PR51896,546000
PR51897,527200
PR51898,525000
PR51899,402989.2
PR51900,405646
PR51901,395400
PR51902,415855
PR51903,402000
PR51904,478300
PR51905,368800
PR51906,240600
PR51907,583260
PR51908,472600
PR51909,343120
PR51910,529250
PR51911,405000
PR51912,352419.8
PR51913,629000
PR51914,399000
PR51915,406917.4
PR51916,559560
PR51917,300119.8
PR51918,629000
PR51919,403760
PR51920,521800
PR51921,620094.6
PR51922,507000
PR51923,446250
PR51924,359600
PR51925,512200
PR51926,576720
PR51927,509800
PR51928,460200
PR51929,583761.8
PR51930,442000
PR51931,443000
PR51932,530101.4
PR51933,365312.8
PR51934,837600
PR51935,428000
PR51936,913000
PR51937,580600
PR51938,381400
PR51939,416589.2
PR51940,718716
PR51941,473000
PR51942,657000
PR51943,557000
PR51944,447600
PR51945,391500
PR51946,377520
PR51947,567200
PR51948,382950
PR51949,455400
PR51950,374720
PR51951,547059.8
PR51952,405068
PR51953,511100
PR51954,442000
PR51955,419917.4
PR51956,513982.4
PR51957,669000
PR51958,577638.4
PR51959,559530
PR51960,489300
PR51961,595850
PR51962,532800
PR51963,479900
PR51964,531000
PR51965,517200
PR51966,570000
PR51967,461745
PR51968,519090
PR51969,1157000
PR51970,548400
PR51971,398599.8
PR51972,406115
PR51973,466000
PR51974,615760
PR51975,1475000
PR51976,421200
PR51977,400599.8
PR51978,457599.8
PR51979,381000
PR51980,547000
PR51981,580600
PR51982,490600
PR51983,423800
PR51984,542200
PR51985,1475000
PR51986,548000
PR51987,619000
PR51988,509600
PR51989,612290
PR51990,507000
PR51991,620800
PR51992,474220
PR51993,421794.4
PR51994,1009000
PR51995,477667.2
PR51996,531290
PR51997,459400
PR51998,606000
PR51999,677000
PR52000,662000
PR52001,544000
PR52002,408240
PR52003,560400
PR52004,417994.4
PR52005,458000
PR52006,474400
PR52007,510281.6
PR52008,494808.8
PR52009,405401.6
PR52010,506800
PR52011,428504.4
PR52012,489000
PR52013,525738.4
PR52014,615123.4
PR52015,474140
PR52016,624400
PR52017,652100
PR52018,489300
PR52019,689760
PR52020,297000
PR52021,620800
PR52022,890000
PR52023,827400
PR52024,976000
PR52025,531290
PR52026,542200
PR52027,526777.6
PR52028,993000
PR52029,652000
PR52030,523120
PR52031,726700
PR52032,526800
PR52033,546063
PR52034,647267.6
PR52035,409700
PR52036,607800
PR52037,530600
PR52038,532048
PR52039,626000
PR52040,749700
PR52041,556028
PR52042,515800
PR52043,615700
PR52044,646400
PR52045,546000
PR52046,789500
PR52047,704600
PR52048,528000
PR52049,684000
PR52050,255500
PR52051,241500
PR52052,584600
PR52053,374425
PR52054,392652.8
PR52055,438400
PR52056,428600
PR52057,622060
PR52058,341800
PR52059,1094139
PR52060,442600
PR52061,627777.6
PR52062,385000
PR52063,571100
PR52064,481600
PR52065,531980
PR52066,620377.6
PR52067,507600
PR52068,556791.6
PR52069,574577.6
PR52070,579656.8
PR52071,505849.4
PR52072,462000
PR52073,431200
PR52074,432800
PR52075,420000
PR52076,381600
PR52077,654600
PR52078,525000
PR52079,402800
PR52080,362700
PR52081,610000
PR52082,467400
PR52083,578062
PR52084,381600
PR52085,255500
PR52086,398000
PR52087,1475000
PR52088,655200
PR52089,511600
PR52090,583200
PR52091,394600
PR52092,642648
PR52093,517000
PR52094,463142.8
PR52095,357900
PR52096,255500
PR52097,394900
PR52098,236300
PR52099,707000
PR52100,309900
PR52101,434200
PR52102,559980
PR52103,709000
PR52104,654000
PR52105,378600
PR52106,244292
PR52107,418200
PR52108,602900
PR52109,414500
PR52110,389226
PR52111,674700
PR52112,509500
PR52113,427980
PR52114,492000
PR52115,651000
PR52116,488000
PR52117,779300
PR52118,622800
PR52119,790315
PR52120,649300
PR52121,753244.8
PR52122,884300
PR52123,506435.4
PR52124,650400
PR52125,488160
PR52126,398000
PR52127,361000
PR52128,733980
PR52129,431580
PR52130,353837
PR52131,368000
PR52132,612600
PR52133,369333.2
PR52134,957000
PR52135,467000
PR52136,341837
PR52137,494599.8
PR52138,545725.6
PR52139,224900
PR52140,376000
PR52141,272900
PR52142,340540
PR52143,451637
PR52144,513790
PR52145,515300
PR52146,285000
PR52147,285000
PR52148,396807.2
PR52149,263028
PR52150,285000
PR52151,316502
PR52152,655199.8
PR52153,285000
PR52154,607060
PR52155,305450
PR52156,285000
PR52157,625000
PR52158,555400
PR52159,386117
PR52160,370200
PR52161,397000
PR52162,276000
PR52163,463240
PR52164,305450
PR52165,582980
PR52166,365900
PR52167,342330
PR52168,676627.6
PR52169,562303.8
PR52170,391655.8
PR52171,583377.6
PR52172,488018
PR52173,324600
PR52174,397000
PR52175,530400
PR52176,629648
PR52177,601000
PR52178,263028
PR52179,709300
PR52180,393800
PR52181,367000
PR52182,544350
PR52183,544350
PR52184,745000
PR52185,498000
PR52186,582980
PR52187,500513.8
PR52188,479563.8
PR52189,502600
PR52190,613490
PR52191,375380
PR52192,388755.8
PR52193,528263.8
PR52194,752800
PR52195,524556.8
PR52196,669600
PR52197,628600
PR52198,331819.8
PR52199,652591.4
PR52200,377270
PR52201,306800
PR52202,618400
PR52203,364317.6
PR52204,1211980
PR52205,463580
PR52206,556200
PR52207,417780
PR52208,460375.6
PR52209,450586.6
PR52210,369444
PR52211,501000
PR52212,445400
PR52213,434800
PR52214,340796
PR52215,362800
PR52216,463640
PR52217,366900
PR52218,482598
PR52219,524440
PR52220,324500
PR52221,497800
PR52222,857740
PR52223,698115
PR52224,486688.8
PR52225,527600
PR52226,1211800
PR52227,561500
PR52228,486580
PR52229,815000
PR52230,308921.6
PR52231,463500
PR52232,597700
PR52233,662591.4
PR52234,463500
PR52235,400360
PR52236,1041240
PR52237,1475000
PR52238,885600
PR52239,502980
PR52240,1433950
PR52241,279399.8
PR52242,1363000
PR52243,597700
PR52244,898900
PR52245,498634
PR52246,448000
PR52247,501585.8
PR52248,861487.6
PR52249,1039600
PR52250,492000
PR52251,425240
PR52252,477040
PR52253,655100
PR52254,453260
PR52255,816000
PR52256,566400
PR52257,285400
PR52258,1336810.4
PR52259,593806
PR52260,1303000
PR52261,545280
PR52262,652290.6
PR52263,803500
PR52264,647000
PR52265,763600
PR52266,1033000
PR52267,734600
PR52268,1216000
PR52269,830000
PR52270,1250000
PR52271,1464986.4
PR52272,647000
PR52273,871000
PR52274,609200
PR52275,635000
PR52276,612971
PR52277,661400
PR52278,834779
PR52279,713400
PR52280,636430
PR52281,795400
PR52282,1334000
PR52283,853800
PR52284,767600
PR52285,980000
PR52286,629800
PR52287,1163000
PR52288,895200
PR52289,1376000
PR52290,843240
PR52291,687370
PR52292,1032600
PR52293,634000
PR52294,628000
PR52295,1184659.6
PR52296,1475000
PR52297,1420000
PR52298,1475000
PR52299,1184659.6
PR52300,933995.8
PR52301,863000
PR52302,676800
PR52303,890000
PR52304,597000
PR52305,933995.8
PR52306,657200
PR52307,945995.8
PR52308,1464986.4
PR52309,680360
PR52310,1449986.4
PR52311,631400
PR52312,745800
PR52313,544700
PR52314,908273.8
PR52315,572000
PR52316,717000
PR52317,1449986.4
PR52318,642200
PR52319,665208.4
PR52320,713000
PR52321,803100
PR52322,870000
PR52323,1192095.6
PR52324,639207
PR52325,656800
PR52326,1258000
PR52327,1104000
PR52328,709600
PR52329,971800
PR52330,809000
PR52331,806000
PR52332,1259800
PR52333,808600
PR52334,1020200
PR52335,649681
PR52336,731600
PR52337,1180000
PR52338,887600
PR52339,709600
PR52340,1180000
PR52341,1101800
PR52342,705400
PR52343,468940.4
PR52344,637400
PR52345,505000
PR52346,680200
PR52347,1243000
PR52348,508000
PR52349,497780
PR52350,707400
PR52351,841800
PR52352,1047000
PR52353,631400
PR52354,1129200
PR52355,913250
PR52356,711600
PR52357,1039800
PR52358,1082000
PR52359,612400
PR52360,509600
PR52361,655000
PR52362,612400
PR52363,533000
PR52364,671600
PR52365,632000
PR52366,1475000
PR52367,655000
PR52368,676770
PR52369,483400
PR52370,541000
PR52371,591000
PR52372,621950
PR52373,833000
PR52374,664300
PR52375,977800
PR52376,653481.6
PR52377,618400
PR52378,772000
PR52379,951000
PR52380,659000
PR52381,629250
PR52382,764200
PR52383,582100
PR52384,674800
PR52385,766000
PR52386,703800
PR52387,1030960
PR52388,734000
PR52389,799200
PR52390,945995.8
PR52391,707700
PR52392,770399.8
PR52393,765700
PR52394,966278
PR52395,664300
PR52396,655100
PR52397,1113128.2
PR52398,609900
PR52399,581900
PR52400,379200
PR52401,395550
PR52402,551460
PR52403,456000
PR52404,215464.8
PR52405,415189.8
PR52406,671456
PR52407,356000
PR52408,446600
PR52409,356075.8
PR52410,423022.2
PR52411,374717.6
PR52412,390200
PR52413,472600
PR52414,663500
PR52415,528900
PR52416,502500
PR52417,672466.8
PR52418,215464.8
PR52419,379200
PR52420,851000
PR52421,462799.8
PR52422,621737.2
PR52423,395494.8
PR52424,415749
PR52425,728237.2
PR52426,589334.4
PR52427,376200
PR52428,356500
PR52429,407400
PR52430,446319.2
PR52431,765256
PR52432,455154
PR52433,725776
PR52434,526000
PR52435,523120
PR52436,782600
PR52437,650000
PR52438,723115
PR52439,484460
PR52440,899000
PR52441,1101000
PR52442,1193000
PR52443,1199999.8
PR52444,520600
PR52445,577926.6
PR52446,340400
PR52447,435580
PR52448,653800
PR52449,420920
PR52450,640280.4
PR52451,620600
PR52452,425000
PR52453,353000
PR52454,842600
PR52455,653800
PR52456,706674
PR52457,526076
PR52458,618600
PR52459,402860
PR52460,238599.6
PR52461,401000
PR52462,375134.8
PR52463,400960
PR52464,275999.6
PR52465,341062
PR52466,562300
PR52467,739000
PR52468,334050
PR52469,285500
PR52470,259000
PR52471,317668
PR52472,418744.8
PR52473,280001.8
PR52474,317668
PR52475,562271
PR52476,430744.8
PR52477,607326.6
PR52478,520700
PR52479,418864
PR52480,513660
PR52481,259000
PR52482,347100
PR52483,396784.6
PR52484,590775.4
PR52485,560301.6
PR52486,544999.8
PR52487,508393
PR52488,396784.6
PR52489,531700
PR52490,534500
PR52491,652949.8
PR52492,652023.4
PR52493,652949.8
PR52494,418000
PR52495,355100
PR52496,369773.2
PR52497,589200
PR52498,340458.6
PR52499,400852
PR52500,723000
PR52501,438200
PR52502,379000
PR52503,290881.4
PR52504,669380
PR52505,342717.6
PR52506,615717.2
PR52507,731880
PR52508,549500
PR52509,628500
PR52510,480430
PR52511,422800
PR52512,475585.8
PR52513,346270
PR52514,509194
PR52515,572500
PR52516,588280
PR52517,327671.8
PR52518,349431.8
PR52519,563600
PR52520,375270
PR52521,766880
PR52522,479600
PR52523,519164.2
PR52524,814000
PR52525,406800
PR52526,331800
PR52527,336800
PR52528,336100
PR52529,336800
PR52530,589263.4
PR52531,588600
PR52532,336800
PR52533,353100
PR52534,415690
PR52535,775569.4
PR52536,381400
PR52537,336800
PR52538,746400
PR52539,406800
PR52540,347300
PR52541,500000
PR52542,652200
PR52543,397890
PR52544,335000
PR52545,462000
PR52546,482200
PR52547,336800
PR52548,526000
PR52549,839000
PR52550,604400
PR52551,723882
PR52552,1082000
PR52553,488861.4
PR52554,592989.4
PR52555,783555
PR52556,520803.8
PR52557,501180
PR52558,670980
PR52559,769980
PR52560,781480
PR52561,604000
PR52562,1015777.6
PR52563,574080
PR52564,763449
PR52565,716600
PR52566,786200
PR52567,645900
PR52568,446800
PR52569,648100
PR52570,640000
PR52571,833461.6
PR52572,755431.4
PR52573,535000
PR52574,567400
PR52575,796600
PR52576,928807.2
PR52577,654263
PR52578,822715
PR52579,723882
PR52580,864715
PR52581,811980
PR52582,880800
PR52583,552286.2
PR52584,735800
PR52585,861999.8
PR52586,952015
PR52587,723882
PR52588,664190.6
PR52589,573570.6
PR52590,558000
PR52591,412200
PR52592,544999.8
PR52593,422000
PR52594,571206.8
PR52595,530058.4
PR52596,537800
PR52597,470700
PR52598,518000
PR52599,516280
PR52600,555979.8
PR52601,603600
PR52602,776900
PR52603,393992.6
PR52604,396784.6
PR52605,483390
PR52606,486999.8
PR52607,502000
PR52608,530500
PR52609,434800
PR52610,364000
PR52611,629392
PR52612,742963.6
PR52613,453000
PR52614,808069.6
PR52615,313120
PR52616,452858.6
PR52617,1174311.8
PR52618,835683.6
PR52619,498400
PR52620,813570.8
PR52621,705463.6
PR52622,529000
PR52623,436740.6
PR52624,453800
PR52625,1177061.8
PR52626,850300
PR52627,875570.8
PR52628,758180
PR52629,669600
PR52630,231168
PR52631,452794
PR52632,299660
PR52633,326300
PR52634,517060
PR52635,359700
PR52636,559500
PR52637,425800
PR52638,465399.8
PR52639,492900
PR52640,326300
PR52641,488479.8
PR52642,306167.4
PR52643,397980
PR52644,560300
PR52645,369470
PR52646,314003.6
PR52647,425800
PR52648,431097.6
PR52649,298670
PR52650,335698
PR52651,246323.8
PR52652,399300
PR52653,431097.6
PR52654,246323.8
PR52655,391300
PR52656,403470
PR52657,300800
PR52658,425800
PR52659,318200
PR52660,452794
PR52661,387860
PR52662,368700
PR52663,492800
PR52664,640280.4
PR52665,637900
PR52666,408640
PR52667,513462
PR52668,230843.8
PR52669,468300
PR52670,296694.4
PR52671,488479.8
PR52672,560100
PR52673,246323.8
PR52674,343800
PR52675,327407.4
PR52676,375000
PR52677,479370
PR52678,316600
PR52679,421600
PR52680,479000
PR52681,475160
PR52682,375000
PR52683,471400
PR52684,484300
PR52685,326300
PR52686,571100
PR52687,336186.4
PR52688,477421
PR52689,452421
PR52690,613400
PR52691,1291600
PR52692,636465.6
PR52693,546100
PR52694,582600
PR52695,1013751
PR52696,520663
PR52697,499760
PR52698,635800
PR52699,525163
PR52700,467052.8
PR52701,472720
PR52702,814400
PR52703,687000
PR52704,1042932
PR52705,573726.4
PR52706,800846
PR52707,847000
PR52708,551000
PR52709,756400
PR52710,1165562.4
PR52711,899000
PR52712,753000
PR52713,570100
PR52714,526350
PR52715,737800
PR52716,978800
PR52717,599800
PR52718,498146
PR52719,965000
PR52720,456785
PR52721,642600
PR52722,800846
PR52723,448585
PR52724,1040000
PR52725,590386
PR52726,379260
PR52727,491808.8
PR52728,504000
PR52729,380200
PR52730,483720
PR52731,566000
PR52732,686000
PR52733,585200
PR52734,860000
PR52735,678300
PR52736,896000
PR52737,899800
PR52738,678200
PR52739,979000
PR52740,732000
PR52741,547400
PR52742,789800
PR52743,440051
PR52744,521517.2
PR52745,391800
PR52746,370000
PR52747,339251
PR52748,312800
PR52749,309812
PR52750,461200
PR52751,700487.6
PR52752,390317.6
PR52753,482160
PR52754,706000
PR52755,608526.4
PR52756,670000
PR52757,491800
PR52758,487600
PR52759,589400
PR52760,608526.4
PR52761,1083652.8
PR52762,615935
PR52763,660000
PR52764,388234
PR52765,767450.8
PR52766,507900
PR52767,1079212
PR52768,660800
PR52769,666500
PR52770,820000
PR52771,1034577
PR52772,388234
PR52773,836000
PR52774,1425000
PR52775,711133.2
PR52776,1175000
PR52777,638000
PR52778,894400
PR52779,550000
PR52780,701600
PR52781,794400
PR52782,667800
PR52783,767712
PR52784,492674.6
PR52785,672200
PR52786,769124
PR52787,936200
PR52788,592546.6
PR52789,730804.2
PR52790,994212
PR52791,908865.2
PR52792,645400
PR52793,907000
PR52794,813000
PR52795,756000
PR52796,937303.2
PR52797,852999.8
PR52798,645400
PR52799,569000
PR52800,871252.4
PR52801,756050.8
PR52802,1475000
PR52803,1058566.6
PR52804,1107203.6
PR52805,738600.2
PR52806,1058566.6
PR52807,878000
PR52808,826808.4
PR52809,497164.2
PR52810,390000
PR52811,431096
PR52812,448540
PR52813,429900
PR52814,450696
PR52815,538000
PR52816,538000
PR52817,578430
PR52818,413200
PR52819,515407.6
PR52820,488200
PR52821,658604
PR52822,535100
PR52823,557380
PR52824,1258000
PR52825,409108
PR52826,925010
PR52827,390000
PR52828,491500
PR52829,730800
PR52830,458861.4
PR52831,400000
PR52832,403200
PR52833,1268810.4
PR52834,560500
PR52835,833000
PR52836,410740
PR52837,1291000
PR52838,846600
PR52839,459900
PR52840,128000
PR52841,488200
PR52842,542255.2
PR52843,531274
PR52844,665000
PR52845,535100
PR52846,461000
PR52847,325928
PR52848,460000
PR52849,423627.4
PR52850,507780
PR52851,640000
PR52852,244292
PR52853,518801.4
PR52854,479920
PR52855,516100
PR52856,523178
PR52857,419400
PR52858,550201.4
PR52859,354000
PR52860,510740
PR52861,710280.4
PR52862,1380000
PR52863,511916
PR52864,513372.2
PR52865,747567.4
PR52866,622772
PR52867,689500
PR52868,434100
PR52869,433209.8
PR52870,1406197
PR52871,595200
PR52872,565510.4
PR52873,556791.6
PR52874,520302.6
PR52875,647620
PR52876,550796
PR52877,653000
PR52878,612600
PR52879,996078.2
PR52880,878278.2
PR52881,496400
PR52882,901777.6
PR52883,1102555
PR52884,1300000
PR52885,667330
PR52886,639400
PR52887,639400
PR52888,425177.6
PR52889,785200
PR52890,823647.6
PR52891,848600
PR52892,585000
PR52893,321160
PR52894,672800
PR52895,607400
PR52896,592800
PR52897,741037
PR52898,566200
PR52899,550800
PR52900,545200
PR52901,785678.2
PR52902,500120
PR52903,669465.6
PR52904,417760
PR52905,799684.6
PR52906,903200
PR52907,781872.4
PR52908,897500.2
PR52909,381996.4
PR52910,407046.4
PR52911,526300
PR52912,536375.6
PR52913,856559.4
PR52914,532000
PR52915,472800
PR52916,542300
PR52917,797155.2
PR52918,878930
PR52919,943895.2
PR52920,736000
PR52921,675400
PR52922,502900
PR52923,832041
PR52924,694400
PR52925,718872.4
PR52926,855139
PR52927,726000
PR52928,827590.8
PR52929,702400
PR52930,631360
PR52931,1450000
PR52932,507643.2
PR52933,478100
PR52934,1029000
PR52935,1303000
PR52936,498600
PR52937,783700
PR52938,913600
PR52939,1410000
PR52940,432998
PR52941,973700
PR52942,1358000
PR52943,627601.4
PR52944,714000
PR52945,619601.4
PR52946,920140
PR52947,443000
PR52948,392400
PR52949,505900
PR52950,377000
PR52951,757285
PR52952,521466.8
PR52953,450600
PR52954,491424.4
PR52955,618600
PR52956,843300
PR52957,384800
PR52958,644640
PR52959,1475000
PR52960,1406197
PR52961,762474
PR52962,587474
PR52963,1475000
PR52964,1406197
PR52965,1406197
PR52966,744000
PR52967,908657.8
PR52968,429284
PR52969,470400
PR52970,490312.6
PR52971,364980
PR52972,470600
PR52973,738669.6
PR52974,373200
PR52975,367000
PR52976,368336.8
PR52977,373200
PR52978,252000
PR52979,317996
PR52980,548643.2
PR52981,393500
PR52982,572200
PR52983,317996
PR52984,543500
PR52985,515261.4
PR52986,903390.6
PR52987,387380
PR52988,443998
PR52989,548500
PR52990,565400
PR52991,358336.8
PR52992,506600
PR52993,563577.6
PR52994,486126.4
PR52995,483026.4
PR52996,468600
PR52997,435000
PR52998,517600
PR52999,449600
PR53000,568080
PR53001,456600
PR53002,598600
PR53003,542334.4
PR53004,579157.6
PR53005,421480
PR53006,421000
PR53007,485160
PR53008,470660
PR53009,616600
PR53010,503800
PR53011,536950
PR53012,365396
PR53013,332174.8
PR53014,1125980
PR53015,468060
PR53016,471800
PR53017,361556
PR53018,436000
PR53019,745558.6
PR53020,728600
PR53021,643000
PR53022,903000
PR53023,383200
PR53024,600000
PR53025,759600
PR53026,792800
PR53027,782000
PR53028,910302
PR53029,810518.4
PR53030,717000
PR53031,598260
PR53032,695500
PR53033,695500
PR53034,1122000
PR53035,801000
PR53036,581400
PR53037,627000
PR53038,967600
PR53039,613600
PR53040,695500
PR53041,663760
PR53042,1372000
PR53043,728000
PR53044,436000
PR53045,847000
PR53046,598260
PR53047,717000
PR53048,724193.6
PR53049,587042.2
PR53050,1063000
PR53051,1013359
PR53052,395200
PR53053,718000
PR53054,834000
PR53055,751400
PR53056,935400
PR53057,683100
PR53058,697800
PR53059,638600
PR53060,575000
PR53061,676600
PR53062,736865.2
PR53063,632100
PR53064,641200
PR53065,585150
PR53066,714993.6
PR53067,570100
PR53068,976600
PR53069,383200
PR53070,610600
PR53071,613600
PR53072,532500
PR53073,832000
PR53074,611500
PR53075,706900
PR53076,872674
PR53077,739500
PR53078,789000
PR53079,760200
PR53080,801000
PR53081,682300
PR53082,553733.4
PR53083,800600
PR53084,801000
PR53085,661400
PR53086,718400
PR53087,661400
PR53088,816800
PR53089,632600
PR53090,430600
PR53091,526070
PR53092,430600
PR53093,468788.6
PR53094,526560
PR53095,715200
PR53096,1305000
PR53097,625099.8
PR53098,781800
PR53099,682300
PR53100,577000
PR53101,635000
PR53102,922600
PR53103,604000
PR53104,589000
PR53105,438000
PR53106,438000
PR53107,667358.4
PR53108,461925
PR53109,445000
PR53110,238800
PR53111,515400
PR53112,239999.8
PR53113,379600
PR53114,648400
PR53115,585000
PR53116,239999.8
PR53117,238800
PR53118,531600
PR53119,501400
PR53120,612332
PR53121,1385000
PR53122,307000
PR53123,531600
PR53124,717000
PR53125,666750
PR53126,368000
PR53127,301000
PR53128,674000
PR53129,492600
PR53130,241800
PR53131,307000
PR53132,710000
PR53133,363200
PR53134,545200
PR53135,251800
PR53136,482318
PR53137,495118
PR53138,304504.6
PR53139,344400
PR53140,414200
PR53141,416098
PR53142,691099.8
PR53143,381690
PR53144,405000
PR53145,385400
PR53146,446400
PR53147,406400
PR53148,382548.6
PR53149,314800
PR53150,451500
PR53151,864715
PR53152,551245.8
PR53153,747111.6
PR53154,1001000
PR53155,537000
PR53156,632000
PR53157,725502.4
PR53158,569400
PR53159,816400
PR53160,792200
PR53161,413980
PR53162,551245.8
PR53163,807000
PR53164,636263.4
PR53165,722609.8
PR53166,479800
PR53167,479800
PR53168,876553
PR53169,387957.6
PR53170,612590.2
PR53171,437438.4
PR53172,496787.6
PR53173,903000
PR53174,570800
PR53175,862168.6
PR53176,453800
PR53177,410210
PR53178,582000.2
PR53179,327600
PR53180,431097.6
PR53181,586300
PR53182,638597
PR53183,895237.4
PR53184,649580
PR53185,456038.4
PR53186,560200
PR53187,489000
PR53188,327600
PR53189,546580
PR53190,477460
PR53191,479500
PR53192,476800
PR53193,494000
PR53194,446060
PR53195,446600
PR53196,616116
PR53197,554600
PR53198,648000
PR53199,643000
PR53200,431300
PR53201,665600
PR53202,796000
PR53203,534800
PR53204,500000
PR53205,618580
PR53206,651580
PR53207,812168.6
PR53208,662200
PR53209,410210
PR53210,423500
PR53211,712000
PR53212,308800
PR53213,661525.8
PR53214,500900
PR53215,484400
PR53216,496200
PR53217,262840
PR53218,617726.4
PR53219,507120
PR53220,555800
PR53221,608000
PR53222,828168.6
PR53223,672980
PR53224,487880
PR53225,491600
PR53226,451998
PR53227,638600
PR53228,394700
PR53229,515422
PR53230,525400
PR53231,411360
PR53232,262340
PR53233,433000
PR53234,449900
PR53235,811368.6
PR53236,651580
PR53237,533400
PR53238,343200
PR53239,498800
PR53240,396000
PR53241,409200
PR53242,535264.2
PR53243,1368226
PR53244,772000
PR53245,1475000
PR53246,1441977.6
PR53247,1475000
PR53248,1475000
PR53249,1368226
PR53250,1165200
PR53251,1165200
PR53252,700800
PR53253,700800
PR53254,1030800
PR53255,1030800
PR53256,503617.2
PR53257,503617.2
PR53258,889800
PR53259,889800
PR53260,700800
PR53261,700800
PR53262,649200
PR53263,649200
PR53264,1115000
PR53265,1115000
PR53266,1015500
PR53267,1015500
PR53268,750600
PR53269,750600
PR53270,961126.2
PR53271,961126.2
PR53272,1139000
PR53273,956000
PR53274,493832
PR53275,794000
PR53276,552600
PR53277,433200
PR53278,733800
PR53279,1127000
PR53280,1286999.2
PR53281,257400
PR53282,979015
PR53283,618800
PR53284,1336400
PR53285,478900
PR53286,737780
PR53287,760000
PR53288,705400
PR53289,665000
PR53290,705400
PR53291,696100
PR53292,706000
PR53293,913800
PR53294,852600
PR53295,597000
PR53296,906800
PR53297,981800
PR53298,590083.2
PR53299,615022.6
PR53300,424663.2
PR53301,735000
PR53302,506769
PR53303,831000
PR53304,449202
PR53305,671710.2
PR53306,515898.8
PR53307,1004000
PR53308,802400
PR53309,590083.2
PR53310,437845.2
PR53311,1000100
PR53312,459139.2
PR53313,569000
PR53314,737666.6
PR53315,816871.2
PR53316,536198.6
PR53317,1131800
PR53318,615022.6
PR53319,697300
PR53320,726600
PR53321,849800
PR53322,685200
PR53323,772151.4
PR53324,779600
PR53325,786220
PR53326,656200
PR53327,1069000
PR53328,1016000
PR53329,478000
PR53330,850000
PR53331,1167600
PR53332,941500
PR53333,966168.6
PR53334,931000
PR53335,665000
PR53336,1057600
PR53337,1014300
PR53338,1005000
PR53339,1048000
PR53340,902611.8
PR53341,1143400
PR53342,828084.8
PR53343,1458000
PR53344,427000
PR53345,650200
PR53346,519925
PR53347,754800
PR53348,480000
PR53349,350400
PR53350,1193166.6
PR53351,346500
PR53352,548400
PR53353,880903.4
PR53354,352600
PR53355,464000
PR53356,540100
PR53357,542500
PR53358,396654
PR53359,621600
PR53360,541600
PR53361,449200
PR53362,706600
PR53363,937674
PR53364,638800
PR53365,951400
PR53366,890000
PR53367,706800
PR53368,608300
PR53369,1048000
PR53370,846600
PR53371,591300
PR53372,490425.4
PR53373,660000
PR53374,530400
PR53375,660000
PR53376,963875
PR53377,613400
PR53378,841685
PR53379,785800
PR53380,710200
PR53381,591300
PR53382,1145530.6
PR53383,937500
PR53384,688003.6
PR53385,735879
PR53386,711349.4
PR53387,711349.4
PR53388,501832
PR53389,634600
PR53390,713262.6
PR53391,711349.4
PR53392,1032000
PR53393,995000
PR53394,735879
PR53395,782565.2
PR53396,556000
PR53397,355595.4
PR53398,494000
PR53399,1165400
PR53400,658807.2
PR53401,890000
PR53402,487000
PR53403,309206.4
PR53404,672270
PR53405,445468
PR53406,431520
PR53407,479395
PR53408,666240
PR53409,572611.4
PR53410,428400
PR53411,519511.8
PR53412,474980
PR53413,414395
PR53414,436456.4
PR53415,707400
PR53416,489000
PR53417,696582
PR53418,583300
PR53419,1227000
PR53420,585382
PR53421,406400
PR53422,507060
PR53423,802100
PR53424,474491.6
PR53425,665197.8
PR53426,548990
PR53427,445000
PR53428,817600
PR53429,502980
PR53430,361895
PR53431,599117
PR53432,772600
PR53433,536190
PR53434,420000
PR53435,441000
PR53436,572611.4
PR53437,759750
PR53438,666559.6
PR53439,468148
PR53440,635351.2
PR53441,851799.8
PR53442,514300
PR53443,507898.4
PR53444,435000
PR53445,487800
PR53446,564747.6
PR53447,785354
PR53448,643000
PR53449,768794.8
PR53450,1216397.6
PR53451,851000
PR53452,768794.8
PR53453,1168197.6
PR53454,948233.6
PR53455,771000
PR53456,1018180
PR53457,1131000
PR53458,1072733.6
PR53459,384126
PR53460,947000
PR53461,582000
PR53462,1400000
PR53463,717200
PR53464,740000
PR53465,516174.6
PR53466,1135000
PR53467,938190.8
PR53468,714000
PR53469,883999.6
PR53470,801062.4
PR53471,649800
PR53472,1096180
PR53473,669000
PR53474,1100000
PR53475,686560
PR53476,1043277
PR53477,582000
PR53478,525000
PR53479,652000
PR53480,615400
PR53481,1114600
PR53482,813800
PR53483,782500
PR53484,399468
PR53485,440000
PR53486,650180
PR53487,620777.6
PR53488,511900
PR53489,546900
PR53490,722800
PR53491,1046943.4
PR53492,546900
PR53493,755600
PR53494,1236250
PR53495,443725.6
PR53496,663800
PR53497,1092000
PR53498,638840
PR53499,919000
PR53500,787000
PR53501,584731.8
PR53502,1379800
PR53503,584731.8
PR53504,1162960
PR53505,828730
PR53506,526654.6
PR53507,644877.4
PR53508,633375
PR53509,861932.8
PR53510,651066.6
PR53511,1197000
PR53512,1070854.6
PR53513,768794.8
PR53514,817158.6
PR53515,1129177.6
PR53516,1242500
PR53517,1249000
PR53518,1343000
PR53519,797800
PR53520,606935
PR53521,1475000
PR53522,1234259.8
PR53523,1371000
PR53524,1088000
PR53525,948000
PR53526,606935
PR53527,1234259.8
PR53528,837319.2
PR53529,1130600
PR53530,1475000
PR53531,932156
PR53532,859000
PR53533,990465
PR53534,980800
PR53535,967700
PR53536,408500
PR53537,1204600
PR53538,787800
PR53539,746200
PR53540,1157000
PR53541,847000
PR53542,875000
PR53543,1118000
PR53544,1219000
PR53545,1017000
PR53546,752568.8
PR53547,1156558.6
PR53548,407222.4
PR53549,397386.4
PR53550,479436
PR53551,958800
PR53552,1014337.4
PR53553,724000
PR53554,1475000
PR53555,1313652
PR53556,1192095.6
PR53557,1104800
PR53558,667000
PR53559,600980
PR53560,1134169.6
PR53561,1019000
PR53562,679000
PR53563,1025500
PR53564,1249300
PR53565,968682
PR53566,543500
PR53567,709000
PR53568,693240
PR53569,847606.8
PR53570,1212682.8
PR53571,588891.2
PR53572,588891.2
PR53573,824782.4
PR53574,897250.8
PR53575,1475000
PR53576,793000
PR53577,1475000
PR53578,1475000
PR53579,1014337.4
PR53580,897250.8
PR53581,839000
PR53582,1475000
PR53583,689213.6
PR53584,1189224.8
PR53585,1351121
PR53586,920721.8
PR53587,593028.6
PR53588,1195243.2
PR53589,824782.4
PR53590,642310.6
PR53591,1200054.8
PR53592,1266091.8
PR53593,593028.6
PR53594,914200
PR53595,1351121
PR53596,920721.8
PR53597,505500
PR53598,682600
PR53599,854200
PR53600,538637.8
PR53601,822200
PR53602,644000
PR53603,535000
PR53604,515900
PR53605,497200
PR53606,525000
PR53607,482400
PR53608,537600
PR53609,428200
PR53610,1249300
PR53611,536600
PR53612,538800
PR53613,830800
PR53614,382000
PR53615,680800
PR53616,733000
PR53617,584600
PR53618,588800
PR53619,312283.6
PR53620,840000
PR53621,543400
PR53622,441400
PR53623,537100
PR53624,686200
PR53625,542800
PR53626,551400
PR53627,588800
PR53628,588800
PR53629,583900
PR53630,584600
PR53631,419656
PR53632,355665.8
PR53633,355665.8
PR53634,419656
PR53635,355665.8
PR53636,355665.8
PR53637,355665.8
PR53638,419656
PR53639,419656
PR53640,355665.8
PR53641,419656
PR53642,655593.4
PR53643,784000
PR53644,833400
PR53645,908337.6
PR53646,819000
PR53647,584000
PR53648,819000
PR53649,679000
PR53650,1396000
PR53651,487952
PR53652,426790
PR53653,550580
PR53654,363460
PR53655,388320
PR53656,458340
PR53657,294999.8
PR53658,352199.8
PR53659,503117.6
PR53660,428800
PR53661,348400
PR53662,414400
PR53663,404240
PR53664,286560
PR53665,414400
PR53666,362962.8
PR53667,220600.6
PR53668,271459.8
PR53669,325400
PR53670,1057000
PR53671,311400
PR53672,956240
PR53673,384173.2
PR53674,426790
PR53675,836800
PR53676,573200
PR53677,372681.8
PR53678,306600
PR53679,466970.4
PR53680,1092000
PR53681,965800
PR53682,778000
PR53683,771800
PR53684,949685.6
PR53685,1027862.8
PR53686,1047518.6
PR53687,894500
PR53688,1143600
PR53689,1216000
PR53690,924624
PR53691,1066800
PR53692,925685.6
PR53693,1090000
PR53694,893039
PR53695,1195753.6
PR53696,932160
PR53697,1108000
PR53698,1319502.4
PR53699,1023000
PR53700,1027862.8
PR53701,810637.8
PR53702,973200
PR53703,638579
PR53704,638579
PR53705,823000
PR53706,677400
PR53707,1082944.6
PR53708,698000
PR53709,850200
PR53710,799600
PR53711,677400
PR53712,855177.6
PR53713,638579
PR53714,891775.6
PR53715,757600
PR53716,800975.2
PR53717,722107.8
PR53718,824951
PR53719,624500.4
PR53720,891775.6
PR53721,733000
PR53722,809133.2
PR53723,490574.4
PR53724,960000
PR53725,762725.2
PR53726,996000
PR53727,539061.2
PR53728,661000
PR53729,336300
PR53730,726200
PR53731,626834.2
PR53732,1117500
PR53733,626834.2
PR53734,784540.4
PR53735,657000
PR53736,551000
PR53737,622000
PR53738,1227000
PR53739,897600
PR53740,719977.6
PR53741,795000
PR53742,1019600
PR53743,1050400
PR53744,1005000
PR53745,758000
PR53746,620000
PR53747,820000
PR53748,887800
PR53749,556977.6
PR53750,906960
PR53751,690577.6
PR53752,661600
PR53753,795000
PR53754,831600
PR53755,663000
PR53756,921800
PR53757,706600
PR53758,794000
PR53759,787000
PR53760,684400
PR53761,778200
PR53762,675800
PR53763,1058504
PR53764,493936
PR53765,542352.4
PR53766,378110
PR53767,465651.8
PR53768,439500
PR53769,406500
PR53770,462367.4
PR53771,646379.6
PR53772,499146.4
PR53773,690226.4
PR53774,399167.4
PR53775,350110
PR53776,500257.2
PR53777,393925.8
PR53778,547347.8
PR53779,515246.4
PR53780,377500
PR53781,364000
PR53782,376386.4
PR53783,420725.8
PR53784,433620
PR53785,759000
PR53786,536436
PR53787,375336.6
PR53788,626000
PR53789,436235
PR53790,544800
PR53791,318750
PR53792,409611.8
PR53793,506716.2
PR53794,290400
PR53795,898240
PR53796,432800
PR53797,433900
PR53798,433900
PR53799,359800
PR53800,432800
PR53801,971000
PR53802,971000
PR53803,425750
PR53804,393695.8
PR53805,483911.8
PR53806,495724.4
PR53807,506716.2
PR53808,488400
PR53809,542800
PR53810,506716.2
PR53811,339400
PR53812,382431.8
PR53813,1088623.8
PR53814,1014800
PR53815,1167214.2
PR53816,1475000
PR53817,1359619.4
PR53818,1418052.4
PR53819,1343176
PR53820,1359619.4
PR53821,1070728.4
PR53822,1243000
PR53823,1475000
PR53824,1475000
PR53825,1137800
PR53826,1103000
PR53827,918444.8
PR53828,1067800
PR53829,1055930
PR53830,1417800
PR53831,825200
PR53832,1222800
PR53833,480560
PR53834,596400
PR53835,504806.4
PR53836,510324.4
PR53837,350932.8
PR53838,302243
PR53839,1475000
PR53840,941330
PR53841,1475000
PR53842,1475000
PR53843,1430000
PR53844,1475000
PR53845,576940
PR53846,1125200
PR53847,423300
PR53848,1343000
PR53849,830500
PR53850,1475000
PR53851,1343000
PR53852,876130
PR53853,1475000
PR53854,1475000
PR53855,1475000
PR53856,1292200
PR53857,1475000
PR53858,1475000
PR53859,888167.4
PR53860,1475000
PR53861,606073.2
PR53862,1291049
PR53863,1003300
PR53864,1328664.4
PR53865,728500
PR53866,640000
PR53867,928000
PR53868,1291049
PR53869,1475000
PR53870,1475000
PR53871,991400
PR53872,1475000
PR53873,1475000
PR53874,1475000
PR53875,1475000
PR53876,1475000
PR53877,1475000
PR53878,1475000
PR53879,1475000
PR53880,1475000
PR53881,1186000
PR53882,1475000
PR53883,1475000
PR53884,1168269
PR53885,755333.2
PR53886,789732.4
PR53887,963299.4
PR53888,634700
PR53889,927770
PR53890,538800
PR53891,976519.4
PR53892,1475000
PR53893,1468000
PR53894,963299.4
PR53895,976519.4
PR53896,1475000
PR53897,538800
PR53898,930733.6
PR53899,1475000
PR53900,538800
PR53901,739099.4
PR53902,554600
PR53903,620000
PR53904,1391100
PR53905,545000
PR53906,996600
PR53907,1475000
PR53908,1040418.6
PR53909,1045733.6
PR53910,608000
PR53911,1475000
PR53912,1089400
PR53913,1475000
PR53914,1458000
PR53915,1475000
PR53916,1475000
PR53917,938000
PR53918,1252793.8
PR53919,1475000
PR53920,1209600
PR53921,752910
PR53922,1328000
PR53923,1475000
PR53924,1460000
PR53925,1475000
PR53926,1475000
PR53927,377000
PR53928,1475000
PR53929,1290000
PR53930,1037800
PR53931,998755.6
PR53932,1475000
PR53933,1475000
PR53934,1475000
PR53935,1475000
PR53936,1475000
PR53937,727905.4
PR53938,742246.2
PR53939,742246.2
PR53940,1475000
PR53941,1475000
PR53942,1475000
PR53943,1475000
PR53944,742868.8
PR53945,522868.8
PR53946,1475000
PR53947,1070600
PR53948,1342150.6
PR53949,1475000
PR53950,1381751.2
PR53951,1395731.6
PR53952,1070600
PR53953,1094670.4
PR53954,1475000
PR53955,1377600
PR53956,1360600
PR53957,884128.2
PR53958,1129430.8
PR53959,884128.2
PR53960,1427000
PR53961,1475000
PR53962,1126518.6
PR53963,958000
PR53964,119554.2
PR53965,123295.8
PR53966,123295.8
PR53967,119554.2
PR53968,123295.8
PR53969,123295.8
PR53970,119554.2
PR53971,119554.2
PR53972,1475000
PR53973,1359600
PR53974,123295.8
PR53975,119554.2
PR53976,123295.8
PR53977,123295.8
PR53978,123295.8
PR53979,123295.8
PR53980,123295.8
PR53981,123295.8
PR53982,123295.8
PR53983,123295.8
PR53984,123295.8
PR53985,119554.2
PR53986,119554.2
PR53987,123295.8
PR53988,119554.2
PR53989,123295.8
PR53990,119554.2
PR53991,123295.8
PR53992,119554.2
PR53993,1324000
PR53994,123295.8
PR53995,119554.2
PR53996,123295.8
PR53997,123295.8
PR53998,123295.8
PR53999,123295.8
PR54000,119554.2
PR54001,1475000
PR54002,123295.8
PR54003,119554.2
PR54004,123295.8
PR54005,123295.8
PR54006,123295.8
PR54007,119554.2
PR54008,1475000
PR54009,119554.2
PR54010,119554.2
PR54011,1228600
PR54012,1324000
PR54013,123295.8
PR54014,119554.2
PR54015,710415
PR54016,1010713
PR54017,710415
PR54018,1475000
PR54019,1199000
PR54020,927768.4
PR54021,1475000
PR54022,1475000
PR54023,1475000
PR54024,1475000
PR54025,1475000
PR54026,611993.2
PR54027,1475000
PR54028,1475000
PR54029,1475000
PR54030,801902.4
PR54031,1297800
PR54032,894102.4
PR54033,1475000
PR54034,1475000
PR54035,1475000
PR54036,1475000
